SNP,CHR,BP,A1,A2,A1_Freq,BETA,SE,P_value,European_Z
GSA-rs146572333,19,52703635,A,C,0.0122,1.6659,0.2920,1.17e-08,NA
GSA-rs139129152,16,77880365,T,C,0.0178,1.5226,0.2847,8.86e-08,NA
GSA-rs78137899,7,232179,T,C,0.0211,1.4314,0.2728,1.55e-07,NA
rs4396508,15,26457523,C,T,0.2376,0.7624,0.1475,2.34e-07,0.965
rs17135001,10,3327931,A,C,0.0397,1.1449,0.2218,2.44e-07,0.203
rs7653468,3,61046955,C,T,0.0146,1.5662,0.3062,3.15e-07,-0.050
rs60409151,15,26455100,T,C,0.2115,0.7482,0.1503,6.45e-07,0.746
rs28478647,2,110382715,A,G,0.0199,1.3599,0.2757,8.09e-07,NA
rs17675581,4,5080187,G,A,0.0358,1.1619,0.2361,8.57e-07,NA
GSA-rs28729447,4,5064533,C,A,0.0275,1.2529,0.2552,9.13e-07,NA
rs8026670,15,26469100,G,A,0.1884,0.7430,0.1538,1.35e-06,0.761
rs79938208,10,117737634,A,G,0.0355,1.1497,0.2400,1.67e-06,NA
rs139501598,20,38805699,C,T,0.0295,1.1904,0.2494,1.81e-06,NA
GSA-rs10032565,4,5082734,T,G,0.0345,1.1397,0.2420,2.48e-06,NA
GSA-rs2217865,15,26446728,T,C,0.2093,0.7131,0.1514,2.49e-06,0.726
GSA-rs79729092,15,26445261,G,A,0.2094,0.7118,0.1514,2.57e-06,1.104
rs8177374,11,126162843,T,C,0.0243,1.2794,0.2740,3.02e-06,-0.735
GSA-rs5996564,22,23843439,T,G,0.0662,0.9315,0.2003,3.30e-06,1.524
GSA-rs601580,11,126191074,T,C,0.0273,1.2029,0.2602,3.77e-06,-1.178
seq-rs376128944,14,55433073,A,C,0.0414,1.0417,0.2265,4.25e-06,NA
