SNP,CHR,BP,P,Z,A1,A2,neglog10p,pos_cum
rs4396508,15,26457523,2.34e-07,0.965,C,T,6.6307841425898575,1721775545
rs17135001,10,3327931,2.44e-07,0.203,A,C,6.61261017366127,1112784380
rs7653468,3,61046955,3.15e-07,-0.05,C,T,6.501689446210399,393992148
rs60409151,15,26455100,6.45e-07,0.746,T,C,6.1904402853647325,1721773122
rs28478647,2,110382715,8.09e-07,,A,G,6.092051478387727,228043469
rs17675581,4,5080187,8.57e-07,,G,A,6.0670191780768015,455480202
rs8026670,15,26469100,1.35e-06,0.761,G,A,5.8696662315049934,1721787122
rs79938208,10,117737634,1.67e-06,,A,G,5.777283528852417,1227194083
rs8177374,11,126162843,3.02e-06,-0.735,T,C,5.519993057042849,1353356926
rs56939961,10,3772777,5.42e-06,0.201,G,A,5.266000713461613,1113229226
rs749902,1,117660754,5.92e-06,0.558,T,C,5.22767829327708,117660754
rs8074490,17,14529338,7.14e-06,-1.098,A,G,5.146301788223826,1808341991
rs6847646,4,5074816,7.16e-06,-0.473,G,T,5.145086977692144,455474831
rs78080264,8,4932342,7.77e-06,1.834,C,T,5.1095789811990855,981055302
rs9398171,6,108983527,0.0084472,-5.39,C,T,2.0732872231290496,842479112
rs9928317,16,72022123,0.0160213,5.102,G,T,1.7953022473079503,1793809245
rs736334,22,51139178,0.0226484,-4.442,T,C,1.6449624733736707,1998381108
rs9925415,16,72007399,0.0227019,4.854,T,C,1.6439377936886201,1793794521
rs5751191,22,42370991,0.0272353,4.517,T,C,1.5648678365602269,1989612921
rs9400239,6,108977663,0.0322311,-6.31,T,C,1.4917248724033343,842473248
