Netflix	5820	https://help.netflix.com/legal/termsofuse
Spotify	5920	https://www.spotify.com/us/legal/end-user-agreement/
Adobe	5820	https://www.adobe.com/legal/terms.html
Microsoft	5820	https://www.microsoft.com/en-us/servicesagreement
Dropbox	6311	https://www.dropbox.com/terms
Zoom	6311	https://explore.zoom.us/en/terms/
Salesforce	6311	https://www.salesforce.com/company/legal/agreements/
Oracle	5820	https://www.oracle.com/legal/terms.html
Cloudflare	6311	https://www.cloudflare.com/website-terms/
GoDaddy	6311	https://www.godaddy.com/legal/agreements/universal-terms-of-service-agreement
Verizon	6110	https://www.verizon.com/about/terms-conditions/overview
T-Mobile	6120	https://www.t-mobile.com/responsibility/legal/terms-and-conditions
Comcast	6110	https://www.xfinity.com/corporate/customers/policies/subscriberagreement
Charter	6110	https://www.spectrum.com/policies/terms-of-service
Vodafone	6120	https://www.vodafone.co.uk/terms-and-conditions
BT	6110	https://www.bt.com/terms
Telefonica	6110	https://www.telefonica.com/en/legal-notice/
Orange	6110	https://www.orange.com/en/legal-notice
Warner Bros Discovery	5911	https://www.wbd.com/terms-of-use/
Paramount	5911	https://www.paramount.com/terms-of-use
Sony Pictures	5911	https://www.sonypictures.com/terms-of-use
Roku	6020	https://docs.roku.com/published/userterms/en/us
Sirius XM	6010	https://www.siriusxm.com/legal/customer-agreement
Nintendo	5821	https://www.nintendo.com/us/terms-of-use/
Electronic Arts	5821	https://www.ea.com/terms-of-service
Take-Two	5821	https://www.take2games.com/legal
Ubisoft	5821	https://legal.ubi.com/termsofuse/en-US
Roblox	5821	https://en.help.roblox.com/hc/en-us/articles/115004647846-Roblox-Terms-of-Use
Match Group	6312	https://www.match.com/registration/membagr.aspx
Pinterest	6312	https://policy.pinterest.com/en/terms-of-service
Snap	6312	https://snap.com/en-US/terms
Reddit	6312	https://redditinc.com/policies/user-agreement
Shopify	6311	https://www.shopify.com/legal/terms
Squarespace	6311	https://www.squarespace.com/terms-of-service
Wix	6311	https://www.wix.com/about/terms-of-use
Atlassian	5820	https://www.atlassian.com/legal/cloud-terms-of-service
ServiceNow	6311	https://www.servicenow.com/legal/website-terms-of-use.html
Datadog	6311	https://www.datadoghq.com/legal/terms/
Twilio	6110	https://www.twilio.com/en-us/legal/tos
Akamai	6311	https://www.akamai.com/legal/terms-and-conditions
