snp_id,z_score_trait1,z_score_trait2,n_trait1,n_trait2,concordant,abs_z1,abs_z2
rs2490272,-7.137,,,,False,7.137,
rs2251499,6.846,,,,False,6.846,
rs1487441,6.75,,,,False,6.75,
rs12202969,6.735,,,,False,6.735,
rs9400239,-6.31,,,,False,6.31,
rs10457441,6.163,,,,False,6.163,
rs12204181,6.161,,,,False,6.161,
rs4851266,6.114,,,,False,6.114,
rs10236197,6.033,,,,False,6.033,
rs11138902,6.018,,,,False,6.018,
rs6746731,5.814,,,,False,5.814,
rs7568069,5.748,,,,False,5.748,
rs4728302,5.664,,,,False,5.664,
rs12928404,-5.591,,,,False,5.591,
rs942353,5.585,,,,False,5.585,
rs7359397,-5.556,,,,False,5.556,
rs3888190,-5.537,,,,False,5.537,
rs12744310,-5.508,,,,False,5.508,
rs7498665,-5.496,,,,False,5.496,
rs10149470,5.489,,,,False,5.489,
rs11706370,5.487,,,,False,5.487,
rs1022688,5.484,,,,False,5.484,
rs2454206,-5.469,,,,False,5.469,
rs6997,5.448,,,,False,5.448,
rs8049439,-5.443,,,,False,5.443,
rs4356765,-5.43,,,,False,5.43,
rs4625,5.424,,,,False,5.424,
rs6855629,-5.402,,,,False,5.402,
rs9398171,-5.39,,,,False,5.39,
rs3732235,-5.375,,,,False,5.375,
rs2001209,-5.346,,,,False,5.346,
rs1054442,5.342,,,,False,5.342,
rs3896224,-5.341,,,,False,5.341,
rs1620977,5.229,,,,False,5.229,
rs11692215,-5.203,,,,False,5.203,
rs12669911,5.157,,,,False,5.157,
rs9928317,5.102,,,,False,5.102,
rs12601380,-5.096,,,,False,5.096,
rs11929434,-5.091,,,,False,5.091,
rs1062633,-5.052,,,,False,5.052,
rs6568547,-5.021,,,,False,5.021,
rs133376,-5.011,,,,False,5.011,
rs9558651,5.008,,,,False,5.008,
rs3101338,-4.996,,,,False,4.996,
rs13002573,-4.955,,,,False,4.955,
rs1130146,-4.939,,,,False,4.939,
rs739365,4.92,,,,False,4.92,
rs2924254,4.919,,,,False,4.919,
rs2248174,4.906,,,,False,4.906,
rs10872224,4.906,,,,False,4.906,
rs10402864,4.874,,,,False,4.874,
rs3801331,-4.865,,,,False,4.865,
rs9925415,4.854,,,,False,4.854,
rs7075195,4.848,,,,False,4.848,
rs10129426,4.842,,,,False,4.842,
rs17161076,-4.821,,,,False,4.821,
rs12617656,-4.819,,,,False,4.819,
rs75059851,4.816,,,,False,4.816,
rs10733789,4.78,,,,False,4.78,
rs7574118,-4.77,,,,False,4.77,
rs1569068,4.769,,,,False,4.769,
rs28472312,4.767,,,,False,4.767,
rs7531118,4.766,,,,False,4.766,
rs62037363,-4.744,,,,False,4.744,
rs6809420,4.726,,,,False,4.726,
rs752421,4.726,,,,False,4.726,
rs215634,4.717,,,,False,4.717,
rs4261436,-4.698,,,,False,4.698,
rs16849225,-4.688,,,,False,4.688,
rs12368653,4.658,,,,False,4.658,
rs12425009,4.652,,,,False,4.652,
rs10512248,4.645,,,,False,4.645,
rs4448343,4.625,,,,False,4.625,
rs5753632,4.609,,,,False,4.609,
rs9858542,4.607,,,,False,4.607,
rs11082420,4.606,,,,False,4.606,
rs5029140,-4.594,,,,False,4.594,
rs73036063,4.593,,,,False,4.593,
rs10164055,-4.592,,,,False,4.592,
rs17445665,4.592,,,,False,4.592,
rs2075677,4.572,,,,False,4.572,
rs2971971,-4.563,,,,False,4.563,
rs10502971,-4.551,,,,False,4.551,
rs4787456,-4.55,,,,False,4.55,
rs10484867,4.548,,,,False,4.548,
rs1556876,4.543,,,,False,4.543,
rs3101336,-4.541,,,,False,4.541,
rs237743,4.541,,,,False,4.541,
rs7072047,4.538,,,,False,4.538,
rs12355784,4.537,,,,False,4.537,
rs9836291,4.53,,,,False,4.53,
rs2024596,4.521,,,,False,4.521,
rs5751191,4.517,,,,False,4.517,
rs10914453,4.512,,,,False,4.512,
rs16970563,-4.508,,,,False,4.508,
rs9822268,4.508,,,,False,4.508,
rs2189234,-4.507,,,,False,4.507,
rs4532962,-4.495,,,,False,4.495,
rs2815752,-4.494,,,,False,4.494,
rs335420,-4.49,,,,False,4.49,
rs7896783,4.488,,,,False,4.488,
rs31772,4.487,,,,False,4.487,
rs1451360,-4.484,,,,False,4.484,
rs12248627,-4.482,,,,False,4.482,
rs11663824,-4.47,,,,False,4.47,
rs1653889,4.469,,,,False,4.469,
rs73139152,-4.468,,,,False,4.468,
rs10761779,4.467,,,,False,4.467,
rs3813498,-4.465,,,,False,4.465,
rs4350297,4.464,,,,False,4.464,
rs1957476,-4.462,,,,False,4.462,
rs7210376,4.462,,,,False,4.462,
rs150716596,-4.461,,,,False,4.461,
rs12636358,4.459,,,,False,4.459,
rs10865035,-4.457,,,,False,4.457,
rs6090919,4.454,,,,False,4.454,
rs6997817,-4.449,,,,False,4.449,
rs7923609,4.448,,,,False,4.448,
rs7910927,4.447,,,,False,4.447,
rs736334,-4.442,,,,False,4.442,
rs10761781,-4.441,,,,False,4.441,
rs11663049,4.434,,,,False,4.434,
rs2568958,-4.433,,,,False,4.433,
rs7205297,-4.426,,,,False,4.426,
rs6728732,4.425,,,,False,4.425,
