CHR,SNP,BP,A1,A2,P,Z,N,P_formatted,BETA,SE,OR,95%_CI_Lower,95%_CI_Upper
2,2_162025322_G_T,162025322,T,G,5.275557768413819e-12,-6.8979591836734695,,5.28e-12,,,1.0,,
2,2_162007430_C_G,162007430,G,C,2.0745183348935825e-11,-6.700680272108844,,2.07e-11,,,1.0,,
6,6_28180818_G_C,28180818,C,G,3.6496139443897846e-11,-6.617647058823529,,3.65e-11,,,1.0,,
2,2_161994383_G_A,161994383,A,G,6.106959382634614e-11,-6.541095890410959,,6.11e-11,,,1.0,,
6,6_28177041_A_G,28177041,G,A,1.3973155965629758e-10,-6.416184971098266,,1.40e-10,,,1.0,,
6,6_28177588_C_T,28177588,T,C,2.976456858760912e-10,-6.3,,2.98e-10,,,1.0,,
6,6_28180870_A_C,28180870,C,A,3.044184904155145e-10,-6.296511627906976,,3.04e-10,,,1.0,,
6,6_28178701_AAAAAG_A,28178701,A,AAAAAG,3.7352965165382557e-10,-6.26470588235294,,3.74e-10,,,1.0,,
6,6_28177492_C_T,28177492,T,C,3.878923848787963e-10,-6.258823529411764,,3.88e-10,,,1.0,,
6,6_28182701_C_CAA,28182701,CAA,C,4.2601278060772074e-10,-6.2441860465116275,,4.26e-10,,,1.0,,
6,6_28182716_C_CAAA,28182716,CAAA,C,4.2601278060772074e-10,-6.2441860465116275,,4.26e-10,,,1.0,,
6,6_28184260_G_T,28184260,T,G,4.2601278060772074e-10,-6.2441860465116275,,4.26e-10,,,1.0,,
2,2_161977647_G_A,161977647,A,G,4.383380325378994e-10,-6.239726027397261,,4.38e-10,,,1.0,,
2,2_161971597_T_C,161971597,C,T,4.5327319675436684e-10,-6.234482758620689,,4.53e-10,,,1.0,,
6,6_28213239_T_C,28213239,C,T,5.730351748667317e-10,-6.1976744186046515,,5.73e-10,,,1.0,,
6,6_28199939_G_C,28199939,C,G,6.640739069752044e-10,-6.174418604651163,,6.64e-10,,,1.0,,
5,5_107205182_G_A,107205182,A,G,1.3543706156582402e-09,-6.0608108108108105,,1.35e-09,,,1.0,,
5,5_107197725_T_G,107197725,G,T,2.056968151364913e-09,-5.993243243243243,,2.06e-09,,,1.0,,
17,17_43177951_T_C,43177951,C,T,2.0612171969247584e-09,5.99290780141844,,2.06e-09,,,1.0,,
6,6_28326490_A_G,28326490,G,A,2.346055127944169e-09,-5.971830985915493,,2.35e-09,,,1.0,,
17,17_43188117_T_G,43188117,G,T,2.4532567088897395e-09,-5.964539007092198,,2.45e-09,,,1.0,,
6,6_28220243_G_C,28220243,C,G,2.533170784246863e-09,-5.959302325581395,,2.53e-09,,,1.0,,
6,6_28324397_T_C,28324397,C,T,2.6699118471640304e-09,-5.950704225352113,,2.67e-09,,,1.0,,
17,17_43183108_G_A,43183108,A,G,2.8151563302714067e-09,-5.942028985507247,,2.82e-09,,,1.0,,
6,6_28237172_A_G,28237172,G,A,3.2299432017879326e-09,-5.919463087248322,,3.23e-09,,,1.0,,
17,17_43166450_G_T,43166450,T,G,3.480918886467066e-09,5.907142857142857,,3.48e-09,,,1.0,,
6,6_28237110_G_A,28237110,A,G,4.122673979978231e-09,-5.879194630872483,,4.12e-09,,,1.0,,
17,17_43161353_C_T,43161353,T,C,4.680348109076249e-09,5.858156028368795,,4.68e-09,,,1.0,,
17,17_43163756_A_G,43163756,G,A,4.884387116987909e-09,5.851063829787234,,4.88e-09,,,1.0,,
17,17_43169392_A_G,43169392,G,A,5.201948871658146e-09,5.840579710144928,,5.20e-09,,,1.0,,
6,6_27878738_T_G,27878738,G,T,6.415292741479561e-09,-5.805555555555555,,6.42e-09,,,1.0,,
6,6_28218324_C_CAAAG,28218324,CAAAG,C,7.0919579098216445e-09,-5.788732394366196,,7.09e-09,,,1.0,,
6,6_28239873_A_G,28239873,G,A,7.569368909443597e-09,-5.777777777777778,,7.57e-09,,,1.0,,
6,6_28234402_A_T,28234402,T,A,7.836875592914794e-09,-5.771929824561403,,7.84e-09,,,1.0,,
6,6_28323938_T_C,28323938,C,T,7.963419257350779e-09,-5.769230769230769,,7.96e-09,,,1.0,,
4,4_180882110_T_C,180882110,C,T,8.040568655331981e-09,-5.767605633802817,,8.04e-09,,,1.0,,
6,6_29603633_T_A,29603633,A,T,8.658947558970453e-09,-5.755102040816326,,8.66e-09,,,1.0,,
6,6_28245831_TC_T,28245831,T,TC,8.695727915508655e-09,-5.754385964912281,,8.70e-09,,,1.0,,
6,6_28214160_AACTGGTG_A,28214160,A,AACTGGTG,8.740351997715834e-09,-5.753521126760563,,8.74e-09,,,1.0,,
6,6_28238969_A_G,28238969,G,A,1.1792255172338173e-08,-5.702702702702703,,1.18e-08,,,1.0,,
17,17_43155914_G_A,43155914,A,G,1.18321159536805e-08,5.702127659574468,,1.18e-08,,,1.0,,
4,4_180863679_A_G,180863679,G,A,1.2693462947410694e-08,5.690140845070422,,1.27e-08,,,1.0,,
4,4_180880148_C_T,180880148,T,C,1.3227596129539165e-08,5.683098591549295,,1.32e-08,,,1.0,,
17,17_43151400_T_C,43151400,C,T,1.4560220140680258e-08,5.666666666666667,,1.46e-08,,,1.0,,
6,6_29608694_T_C,29608694,C,T,1.5002187270241052e-08,-5.661538461538462,,1.50e-08,,,1.0,,
2,2_161941105_T_A,161941105,A,T,1.601218024838147e-08,-5.65034965034965,,1.60e-08,,,1.0,,
4,4_180886169_T_C,180886169,C,T,1.601218024838147e-08,5.65034965034965,,1.60e-08,,,1.0,,
17,17_43149988_T_C,43149988,C,T,1.624315748571803e-08,5.647887323943661,,1.62e-08,,,1.0,,
6,6_29604264_T_G,29604264,G,T,1.7605595870051616e-08,-5.6340206185567006,,1.76e-08,,,1.0,,
6,6_27673797_G_A,27673797,A,G,1.7823312381537448e-08,-5.631901840490799,,1.78e-08,,,1.0,,
