claim_id	artifact_id	value	method_status	source_dataset_ids	notes
FIG1_SOURCE_SHA256	FIG1	2f24e959dcca94aca864d8b9e736117905af5bc9d1bf918c9135bac4c4746909	COMPLETED	DS_GWAS_CURRENT	L1_INDEPENDENT_RECALCULATION_FROM_ANALYSIS_READY_DATA; full precision as computed
FIG1_VALID_VARIANTS	FIG1	362797	COMPLETED	DS_GWAS_CURRENT	L1_INDEPENDENT_RECALCULATION_FROM_ANALYSIS_READY_DATA; full precision as computed
FIG1_LAMBDA_GC	FIG1	1.0536825577354483	COMPLETED	DS_GWAS_CURRENT	L1_INDEPENDENT_RECALCULATION_FROM_ANALYSIS_READY_DATA; full precision as computed
FIG1_GW_THRESHOLD	FIG1	5e-08	COMPLETED	DS_GWAS_CURRENT	L1_INDEPENDENT_RECALCULATION_FROM_ANALYSIS_READY_DATA; full precision as computed
FIG1_SUGGESTIVE_THRESHOLD	FIG1	1e-05	COMPLETED	DS_GWAS_CURRENT	L1_INDEPENDENT_RECALCULATION_FROM_ANALYSIS_READY_DATA; full precision as computed
FIG1_PANEL_COUNT	FIG1	2	COMPLETED	DS_GWAS_CURRENT	L1_INDEPENDENT_RECALCULATION_FROM_ANALYSIS_READY_DATA; full precision as computed
TABLE1_ROW_COUNT	TABLE1	10	COMPLETED	DS_TABLE1_CHECKPOINT	L2_RECONSTRUCTION_FROM_PROVIDER_OUTPUT_CHECKPOINT; full precision as computed
TABLE1_NORMALIZED_SHA256	TABLE1	e26ae7b2879c59c3987ba6183b17b41cb856d9a1bba139ad817294c07fd25e4a	COMPLETED	DS_TABLE1_CHECKPOINT	L2_RECONSTRUCTION_FROM_PROVIDER_OUTPUT_CHECKPOINT; full precision as computed
TABLE1_TOP_VARIANT_ID	TABLE1	rs146572333	COMPLETED	DS_GWAS_CURRENT;DS_TABLE1_CHECKPOINT	L2_RECONSTRUCTION_FROM_PROVIDER_OUTPUT_CHECKPOINT; full precision as computed
FIG2_LEAD_ROW_COUNT	FIG2	17	COMPLETED	DS_FIG2_FREQUENCY_CHECKPOINT;DS_LD_PRIMARY	L2_RECONSTRUCTION_FROM_PROVIDER_OUTPUT_CHECKPOINT; full precision as computed
FIG2_CATEGORY_COUNTS	FIG2	{"East Asian enriched":5,"European enriched":7,"Similar frequency":5}	COMPLETED	DS_FIG2_FREQUENCY_CHECKPOINT	L2_RECONSTRUCTION_FROM_PROVIDER_OUTPUT_CHECKPOINT; full precision as computed
FIG2_SOURCE_SHA256	FIG2	8aa77e097bd3f678dae1d4dce812c0d28520e7c6dfdecb7d79807ce993fd1eae	COMPLETED	DS_FIG2_FREQUENCY_CHECKPOINT	L2_RECONSTRUCTION_FROM_PROVIDER_OUTPUT_CHECKPOINT; full precision as computed
FIG2_SERIES_COUNT	FIG2	5	COMPLETED	DS_FIG2_FREQUENCY_CHECKPOINT	L2_RECONSTRUCTION_FROM_PROVIDER_OUTPUT_CHECKPOINT; full precision as computed
FIG3_PANEL_A_SOURCE_SHA256	FIG3	54ee7a42d23e52eb779d31b5514c88ae338ae37cf76f377b37da19f1d523ceb5	COMPLETED	DS_FIG3_PANEL_A	L2_RECONSTRUCTION_FROM_PROVIDER_OUTPUT_CHECKPOINT; full precision as computed
FIG3_PANEL_B_SOURCE_SHA256	FIG3	b2bd63474b5928050f2859e320d72f18ccfa59be6ac4fd00bd72d987ace64854	COMPLETED	DS_FIG3_PANEL_B	L2_RECONSTRUCTION_FROM_PROVIDER_OUTPUT_CHECKPOINT; full precision as computed
FIG3_K100_N_CONCORDANT	FIG3	56	COMPLETED	DS_FIG3_PANEL_A	L2_RECONSTRUCTION_FROM_PROVIDER_OUTPUT_CHECKPOINT; full precision as computed
FIG3_K100_CONCORDANCE	FIG3	0.56	COMPLETED	DS_FIG3_PANEL_A	L2_RECONSTRUCTION_FROM_PROVIDER_OUTPUT_CHECKPOINT; full precision as computed
FIG3_K100_BINOMIAL_P	FIG3	0.13562651203691772	COMPLETED	DS_FIG3_PANEL_A	L2_RECONSTRUCTION_FROM_PROVIDER_OUTPUT_CHECKPOINT; full precision as computed. Independently recomputed at full precision from (n_concordant, K); DS_FIG3_PANEL_A stores this at 4 significant digits and agrees to that precision.
FIG3_K500_N_CONCORDANT	FIG3	280	COMPLETED	DS_FIG3_PANEL_A	L2_RECONSTRUCTION_FROM_PROVIDER_OUTPUT_CHECKPOINT; full precision as computed
FIG3_K500_CONCORDANCE	FIG3	0.56	COMPLETED	DS_FIG3_PANEL_A	L2_RECONSTRUCTION_FROM_PROVIDER_OUTPUT_CHECKPOINT; full precision as computed
FIG3_K500_BINOMIAL_P	FIG3	0.004130710908491251	COMPLETED	DS_FIG3_PANEL_A	L2_RECONSTRUCTION_FROM_PROVIDER_OUTPUT_CHECKPOINT; full precision as computed. Independently recomputed at full precision from (n_concordant, K); DS_FIG3_PANEL_A stores this at 4 significant digits and agrees to that precision.
FIG3_K1000_N_CONCORDANT	FIG3	545	COMPLETED	DS_FIG3_PANEL_A	L2_RECONSTRUCTION_FROM_PROVIDER_OUTPUT_CHECKPOINT; full precision as computed
FIG3_K1000_CONCORDANCE	FIG3	0.545	COMPLETED	DS_FIG3_PANEL_A	L2_RECONSTRUCTION_FROM_PROVIDER_OUTPUT_CHECKPOINT; full precision as computed
FIG3_K1000_BINOMIAL_P	FIG3	0.0024308681959370653	COMPLETED	DS_FIG3_PANEL_A	L2_RECONSTRUCTION_FROM_PROVIDER_OUTPUT_CHECKPOINT; full precision as computed. Independently recomputed at full precision from (n_concordant, K); DS_FIG3_PANEL_A stores this at 4 significant digits and agrees to that precision.
FIG3_K2000_N_CONCORDANT	FIG3	1064	COMPLETED	DS_FIG3_PANEL_A	L2_RECONSTRUCTION_FROM_PROVIDER_OUTPUT_CHECKPOINT; full precision as computed
FIG3_K2000_CONCORDANCE	FIG3	0.532	COMPLETED	DS_FIG3_PANEL_A	L2_RECONSTRUCTION_FROM_PROVIDER_OUTPUT_CHECKPOINT; full precision as computed
FIG3_K2000_BINOMIAL_P	FIG3	0.0022511311158268875	COMPLETED	DS_FIG3_PANEL_A	L2_RECONSTRUCTION_FROM_PROVIDER_OUTPUT_CHECKPOINT; full precision as computed. Independently recomputed at full precision from (n_concordant, K); DS_FIG3_PANEL_A stores this at 4 significant digits and agrees to that precision.
FIG3_PRIMARY_R010_KB500_N_LEADS	FIG3	86681	COMPLETED	DS_FIG3_PANEL_B;DS_EAS_LD_PGEN;DS_EAS_LD_PVAR;DS_EAS_LD_PSAM	L2_RECONSTRUCTION_FROM_PROVIDER_OUTPUT_CHECKPOINT; full precision as computed
FIG3_PRIMARY_R010_KB500_Z	FIG3	3.007377	COMPLETED	DS_FIG3_PANEL_B	L2_RECONSTRUCTION_FROM_PROVIDER_OUTPUT_CHECKPOINT; full precision as computed
FIG3_PRIMARY_R010_KB500_P	FIG3	0.001317563696094512	COMPLETED	DS_FIG3_PANEL_B	L2_RECONSTRUCTION_FROM_PROVIDER_OUTPUT_CHECKPOINT; full precision as computed. Independently recomputed at full precision as the positive standard-normal tail of Z; the checkpoint stores a rounded value and agrees to that precision.
FIG3_SENS_R2_005_KB500_N_LEADS	FIG3	65916	COMPLETED	DS_FIG3_PANEL_B;DS_EAS_LD_PGEN;DS_EAS_LD_PVAR;DS_EAS_LD_PSAM	L2_RECONSTRUCTION_FROM_PROVIDER_OUTPUT_CHECKPOINT; full precision as computed
FIG3_SENS_R2_005_KB500_Z	FIG3	2.87075	COMPLETED	DS_FIG3_PANEL_B	L2_RECONSTRUCTION_FROM_PROVIDER_OUTPUT_CHECKPOINT; full precision as computed
FIG3_SENS_R2_005_KB500_P	FIG3	0.0020474962235378963	COMPLETED	DS_FIG3_PANEL_B	L2_RECONSTRUCTION_FROM_PROVIDER_OUTPUT_CHECKPOINT; full precision as computed. Independently recomputed at full precision as the positive standard-normal tail of Z; the checkpoint stores a rounded value and agrees to that precision.
FIG3_SENS_R2_020_KB500_N_LEADS	FIG3	116706	COMPLETED	DS_FIG3_PANEL_B;DS_EAS_LD_PGEN;DS_EAS_LD_PVAR;DS_EAS_LD_PSAM	L2_RECONSTRUCTION_FROM_PROVIDER_OUTPUT_CHECKPOINT; full precision as computed
FIG3_SENS_R2_020_KB500_Z	FIG3	3.827202	COMPLETED	DS_FIG3_PANEL_B	L2_RECONSTRUCTION_FROM_PROVIDER_OUTPUT_CHECKPOINT; full precision as computed
FIG3_SENS_R2_020_KB500_P	FIG3	6.480407470490998e-05	COMPLETED	DS_FIG3_PANEL_B	L2_RECONSTRUCTION_FROM_PROVIDER_OUTPUT_CHECKPOINT; full precision as computed. Independently recomputed at full precision as the positive standard-normal tail of Z; the checkpoint stores a rounded value and agrees to that precision.
FIG3_SENS_R2_010_KB250_N_LEADS	FIG3	88430	COMPLETED	DS_FIG3_PANEL_B;DS_EAS_LD_PGEN;DS_EAS_LD_PVAR;DS_EAS_LD_PSAM	L2_RECONSTRUCTION_FROM_PROVIDER_OUTPUT_CHECKPOINT; full precision as computed
FIG3_SENS_R2_010_KB250_Z	FIG3	3.236991	COMPLETED	DS_FIG3_PANEL_B	L2_RECONSTRUCTION_FROM_PROVIDER_OUTPUT_CHECKPOINT; full precision as computed
FIG3_SENS_R2_010_KB250_P	FIG3	0.0006039861069534601	COMPLETED	DS_FIG3_PANEL_B	L2_RECONSTRUCTION_FROM_PROVIDER_OUTPUT_CHECKPOINT; full precision as computed. Independently recomputed at full precision as the positive standard-normal tail of Z; the checkpoint stores a rounded value and agrees to that precision.
FIG3_SENS_R2_010_KB1000_N_LEADS	FIG3	86340	COMPLETED	DS_FIG3_PANEL_B;DS_EAS_LD_PGEN;DS_EAS_LD_PVAR;DS_EAS_LD_PSAM	L2_RECONSTRUCTION_FROM_PROVIDER_OUTPUT_CHECKPOINT; full precision as computed
FIG3_SENS_R2_010_KB1000_Z	FIG3	3.011044	COMPLETED	DS_FIG3_PANEL_B	L2_RECONSTRUCTION_FROM_PROVIDER_OUTPUT_CHECKPOINT; full precision as computed
FIG3_SENS_R2_010_KB1000_P	FIG3	0.0013017556156235928	COMPLETED	DS_FIG3_PANEL_B	L2_RECONSTRUCTION_FROM_PROVIDER_OUTPUT_CHECKPOINT; full precision as computed. Independently recomputed at full precision as the positive standard-normal tail of Z; the checkpoint stores a rounded value and agrees to that precision.
FIG4_DENSITY_SOURCE_SHA256	FIG4	2317e5599cfb584f3190a714ef86a80b87baf14dd00813d30e2639b4683e448d	COMPLETED	DS_FIG4_DENSITY	L2_RECONSTRUCTION_FROM_PROVIDER_OUTPUT_CHECKPOINT; full precision as computed
FIG4_PANEL_A_N	FIG4	91	COMPLETED	DS_CASE_PGS_CANONICAL;DS_FIG4_AGGREGATE_SOURCE;DS_FIG4_SUMMARY	L2_RECONSTRUCTION_FROM_PROVIDER_OUTPUT_CHECKPOINT; full precision as computed
FIG4_PANEL_A_Z_MEAN	FIG4	0.4134094786852738	COMPLETED	DS_CASE_PGS_CANONICAL;DS_FIG4_AGGREGATE_SOURCE;DS_FIG4_SUMMARY	L2_RECONSTRUCTION_FROM_PROVIDER_OUTPUT_CHECKPOINT; full precision as computed
FIG4_PANEL_A_Z_SD_DDOF1	FIG4	1.0251812329642307	COMPLETED	DS_CASE_PGS_CANONICAL;DS_FIG4_AGGREGATE_SOURCE;DS_FIG4_SUMMARY	L2_RECONSTRUCTION_FROM_PROVIDER_OUTPUT_CHECKPOINT; full precision as computed
FIG4_PANEL_A_Z_MIN	FIG4	-2.1874158349827346	COMPLETED	DS_CASE_PGS_CANONICAL;DS_FIG4_AGGREGATE_SOURCE;DS_FIG4_SUMMARY	L2_RECONSTRUCTION_FROM_PROVIDER_OUTPUT_CHECKPOINT; full precision as computed
FIG4_PANEL_A_Z_MAX	FIG4	2.762351642768423	COMPLETED	DS_CASE_PGS_CANONICAL;DS_FIG4_AGGREGATE_SOURCE;DS_FIG4_SUMMARY	L2_RECONSTRUCTION_FROM_PROVIDER_OUTPUT_CHECKPOINT; full precision as computed
FIG4_PANEL_A_Z_LT_0	FIG4	30	COMPLETED	DS_CASE_PGS_CANONICAL;DS_FIG4_AGGREGATE_SOURCE;DS_FIG4_SUMMARY	L2_RECONSTRUCTION_FROM_PROVIDER_OUTPUT_CHECKPOINT; full precision as computed
FIG4_PANEL_A_KDE_BANDWIDTH	FIG4	0.41590330248319385	COMPLETED	DS_CASE_PGS_CANONICAL;DS_FIG4_AGGREGATE_SOURCE;DS_FIG4_SUMMARY	L2_RECONSTRUCTION_FROM_PROVIDER_OUTPUT_CHECKPOINT; full precision as computed
FIG4_PANEL_A_X_LOWER	FIG4	-4.0	COMPLETED	DS_CASE_PGS_CANONICAL;DS_FIG4_AGGREGATE_SOURCE;DS_FIG4_SUMMARY	L2_RECONSTRUCTION_FROM_PROVIDER_OUTPUT_CHECKPOINT; full precision as computed
FIG4_PANEL_A_X_UPPER	FIG4	4.0	COMPLETED	DS_CASE_PGS_CANONICAL;DS_FIG4_AGGREGATE_SOURCE;DS_FIG4_SUMMARY	L2_RECONSTRUCTION_FROM_PROVIDER_OUTPUT_CHECKPOINT; full precision as computed
FIG4_PANEL_A_HISTOGRAM_BINS	FIG4	18	COMPLETED	DS_CASE_PGS_CANONICAL;DS_FIG4_AGGREGATE_SOURCE;DS_FIG4_SUMMARY	L2_RECONSTRUCTION_FROM_PROVIDER_OUTPUT_CHECKPOINT; full precision as computed
FIG4_PANEL_A_CONTROL_MEAN	FIG4	3.18991937274538e-05	COMPLETED	DS_CASE_PGS_CANONICAL;DS_FIG4_AGGREGATE_SOURCE;DS_FIG4_SUMMARY	L2_RECONSTRUCTION_FROM_PROVIDER_OUTPUT_CHECKPOINT; full precision as computed
FIG4_PANEL_A_CONTROL_SD	FIG4	4.90307364115339e-05	COMPLETED	DS_CASE_PGS_CANONICAL;DS_FIG4_AGGREGATE_SOURCE;DS_FIG4_SUMMARY	L2_RECONSTRUCTION_FROM_PROVIDER_OUTPUT_CHECKPOINT; full precision as computed
FIG4_TIER_1_N_SNPS	FIG4	167	COMPLETED	DS_FIG4_PANEL_B	L2_RECONSTRUCTION_FROM_PROVIDER_OUTPUT_CHECKPOINT; full precision as computed
FIG4_TIER_1_R2	FIG4	0.00474342	COMPLETED	DS_FIG4_PANEL_B	L2_RECONSTRUCTION_FROM_PROVIDER_OUTPUT_CHECKPOINT; full precision as computed
FIG4_TIER_1_P	FIG4	0.0136201	COMPLETED	DS_FIG4_PANEL_B	L2_RECONSTRUCTION_FROM_PROVIDER_OUTPUT_CHECKPOINT; full precision as computed
FIG4_TIER_2_N_SNPS	FIG4	960	COMPLETED	DS_FIG4_PANEL_B	L2_RECONSTRUCTION_FROM_PROVIDER_OUTPUT_CHECKPOINT; full precision as computed
FIG4_TIER_2_R2	FIG4	0.0076485	COMPLETED	DS_FIG4_PANEL_B	L2_RECONSTRUCTION_FROM_PROVIDER_OUTPUT_CHECKPOINT; full precision as computed
FIG4_TIER_2_P	FIG4	0.00176643	COMPLETED	DS_FIG4_PANEL_B	L2_RECONSTRUCTION_FROM_PROVIDER_OUTPUT_CHECKPOINT; full precision as computed
FIG4_TIER_3_N_SNPS	FIG4	1204	COMPLETED	DS_FIG4_PANEL_B	L2_RECONSTRUCTION_FROM_PROVIDER_OUTPUT_CHECKPOINT; full precision as computed
FIG4_TIER_3_R2	FIG4	0.00709588	COMPLETED	DS_FIG4_PANEL_B	L2_RECONSTRUCTION_FROM_PROVIDER_OUTPUT_CHECKPOINT; full precision as computed
FIG4_TIER_3_P	FIG4	0.00262688	COMPLETED	DS_FIG4_PANEL_B	L2_RECONSTRUCTION_FROM_PROVIDER_OUTPUT_CHECKPOINT; full precision as computed
FIG4_TIER_4_N_SNPS	FIG4	2787	COMPLETED	DS_FIG4_PANEL_B	L2_RECONSTRUCTION_FROM_PROVIDER_OUTPUT_CHECKPOINT; full precision as computed
FIG4_TIER_4_R2	FIG4	0.00691552	COMPLETED	DS_FIG4_PANEL_B	L2_RECONSTRUCTION_FROM_PROVIDER_OUTPUT_CHECKPOINT; full precision as computed
FIG4_TIER_4_P	FIG4	0.00294323	COMPLETED	DS_FIG4_PANEL_B	L2_RECONSTRUCTION_FROM_PROVIDER_OUTPUT_CHECKPOINT; full precision as computed
FIG4_TIER_5_N_SNPS	FIG4	6518	COMPLETED	DS_FIG4_PANEL_B	L2_RECONSTRUCTION_FROM_PROVIDER_OUTPUT_CHECKPOINT; full precision as computed
FIG4_TIER_5_R2	FIG4	0.0119224	COMPLETED	DS_FIG4_PANEL_B	L2_RECONSTRUCTION_FROM_PROVIDER_OUTPUT_CHECKPOINT; full precision as computed
FIG4_TIER_5_P	FIG4	9.5992e-05	COMPLETED	DS_FIG4_PANEL_B	L2_RECONSTRUCTION_FROM_PROVIDER_OUTPUT_CHECKPOINT; full precision as computed
FIG4_TIER_6_N_SNPS	FIG4	8093	COMPLETED	DS_FIG4_PANEL_B	L2_RECONSTRUCTION_FROM_PROVIDER_OUTPUT_CHECKPOINT; full precision as computed
FIG4_TIER_6_R2	FIG4	0.00818295	COMPLETED	DS_FIG4_PANEL_B	L2_RECONSTRUCTION_FROM_PROVIDER_OUTPUT_CHECKPOINT; full precision as computed
FIG4_TIER_6_P	FIG4	0.00122673	COMPLETED	DS_FIG4_PANEL_B	L2_RECONSTRUCTION_FROM_PROVIDER_OUTPUT_CHECKPOINT; full precision as computed
FIG4_TIER_7_N_SNPS	FIG4	18914	COMPLETED	DS_FIG4_PANEL_B	L2_RECONSTRUCTION_FROM_PROVIDER_OUTPUT_CHECKPOINT; full precision as computed
FIG4_TIER_7_R2	FIG4	0.00520103	COMPLETED	DS_FIG4_PANEL_B	L2_RECONSTRUCTION_FROM_PROVIDER_OUTPUT_CHECKPOINT; full precision as computed
FIG4_TIER_7_P	FIG4	0.00991741	COMPLETED	DS_FIG4_PANEL_B	L2_RECONSTRUCTION_FROM_PROVIDER_OUTPUT_CHECKPOINT; full precision as computed
TABLE2_ROW_COUNT	TABLE2	7	COMPLETED	DS_TABLE2_CHECKPOINT	L2_RECONSTRUCTION_FROM_PROVIDER_OUTPUT_CHECKPOINT; full precision as computed
TABLE2_NORMALIZED_SHA256	TABLE2	9b0514bd2b27d053bc030abeeceeb2a6a5d7a1f7b75c345a89b138ad1d1093ed	COMPLETED	DS_TABLE2_CHECKPOINT	L2_RECONSTRUCTION_FROM_PROVIDER_OUTPUT_CHECKPOINT; full precision as computed
TABLE2_PGS_ONLY_AUC	TABLE2	0.612	COMPLETED	DS_NOGAWA_WORKBOOK;DS_TABLE2_CHECKPOINT	L2_RECONSTRUCTION_FROM_PROVIDER_OUTPUT_CHECKPOINT; full precision as computed
TABLE2_COVARIATES_ONLY_AUC	TABLE2	0.758	COMPLETED	DS_NOGAWA_WORKBOOK;DS_TABLE2_CHECKPOINT	L2_RECONSTRUCTION_FROM_PROVIDER_OUTPUT_CHECKPOINT; full precision as computed
TABLE2_FULL_AUC	TABLE2	0.793	COMPLETED	DS_NOGAWA_WORKBOOK;DS_TABLE2_CHECKPOINT	L2_RECONSTRUCTION_FROM_PROVIDER_OUTPUT_CHECKPOINT; full precision as computed
TABLE2_LRT_P	TABLE2	9.38e-05	COMPLETED	DS_NOGAWA_WORKBOOK;DS_TABLE2_CHECKPOINT	L2_RECONSTRUCTION_FROM_PROVIDER_OUTPUT_CHECKPOINT; full precision as computed
SUPPFIG_S1_PGS_ONLY_AUC	SUPPFIG_S1	0.612	COMPLETED	DS_ROC_AUC_SOURCE	L3_VISUAL_REASSEMBLY_FROM_CANONICAL_AGGREGATE_OR_RASTER; full precision as computed
SUPPFIG_S1_COVARIATES_ONLY_SEX_PC1_10_AUC	SUPPFIG_S1	0.758	COMPLETED	DS_ROC_AUC_SOURCE	L3_VISUAL_REASSEMBLY_FROM_CANONICAL_AGGREGATE_OR_RASTER; full precision as computed
SUPPFIG_S1_FULL_MODEL_PGS_COVARIATES_AUC	SUPPFIG_S1	0.793	COMPLETED	DS_ROC_AUC_SOURCE	L3_VISUAL_REASSEMBLY_FROM_CANONICAL_AGGREGATE_OR_RASTER; full precision as computed
SUPPFIG_S1_PANEL_A_RASTER_SHA256	SUPPFIG_S1	6e5e4801a2c4da47fbc0bd5422a9fab9fa4a04f30d5f444cceadf5053a0dc3cc	COMPLETED	DS_ROC_PANEL_A_RASTER	L3_VISUAL_REASSEMBLY_FROM_CANONICAL_AGGREGATE_OR_RASTER; full precision as computed
SUPPFIG_S1_PANEL_B_RASTER_SHA256	SUPPFIG_S1	f80ebabd7d21956783132106c632b97ac9905ebe553c7ba7aec15620a9f0d79f	COMPLETED	DS_ROC_PANEL_B_RASTER	L3_VISUAL_REASSEMBLY_FROM_CANONICAL_AGGREGATE_OR_RASTER; full precision as computed
SUPPTABLE_S1_ROW_COUNT	SUPPTABLE_S1	26	COMPLETED	DS_TABLE_S1_CURRENT	L2_RECONSTRUCTION_FROM_PROVIDER_OUTPUT_CHECKPOINT; full precision as computed
SUPPTABLE_S1_LEAD_COUNT	SUPPTABLE_S1	17	COMPLETED	DS_TABLE_S1_CURRENT;DS_LD_PRIMARY	L2_RECONSTRUCTION_FROM_PROVIDER_OUTPUT_CHECKPOINT; full precision as computed
SUPPTABLE_S1_CATEGORY_COUNTS	SUPPTABLE_S1	{"East Asian enriched":8,"European enriched":12,"Similar frequency":6}	COMPLETED	DS_TABLE_S1_CURRENT;DS_FIG2_FREQUENCY_CHECKPOINT	L2_RECONSTRUCTION_FROM_PROVIDER_OUTPUT_CHECKPOINT; full precision as computed. Counts over all 26 rows of Supplementary Table S1 (leads 5/7/5 + members 3/5/1). The competing reading -- 17 lead rows only, giving 5/7/5 -- was considered and rejected on three pieces of contract evidence. (1) The claim matrix already carries FIG2_CATEGORY_COUNTS over DS_FIG2_FREQUENCY_CHECKPOINT, whose 17 rows are exactly the 17 leads and whose categories are exactly 5/7/5; the lead-only reading would make this claim a verbatim duplicate of that one under a second ID. (2) The matrix lists the counting scope first and the corroborating source second (SUPPTABLE_S1_LEAD_COUNT = DS_TABLE_S1_CURRENT;DS_LD_PRIMARY, FIG2_LEAD_ROW_COUNT = DS_FIG2_FREQUENCY_CHECKPOINT;DS_LD_PRIMARY), so here the scope is DS_TABLE_S1_CURRENT and the frequency checkpoint is the cross-check -- which is how it is used, in SUPPTABLE_S1_category_agreement.tsv. (3) 8+12+6 = 26 = SUPPTABLE_S1_ROW_COUNT, the sibling claim in the same group; the lead-only reading would sum to 17 against a declared row count of 26. This is an interpretation of contract wording, not a computed value, so the lead-only breakdown is retained in 03_SOURCE_TABLES/SUPPTABLE_S1/SUPPTABLE_S1_audit.json and returned as SUPPTABLE_S1_CATEGORY_COUNTS_LEAD_ROWS_ONLY for custodian review.
SUPPTABLE_S1_SHA256	SUPPTABLE_S1	0e60722b21a9e7481f40b0427aaf1b044dfef19197da0148451ef6e9745734fd	COMPLETED	DS_TABLE_S1_CURRENT	L2_RECONSTRUCTION_FROM_PROVIDER_OUTPUT_CHECKPOINT; full precision as computed
SUPPTABLE_S1_CATEGORY_COUNTS_LEAD_ROWS_ONLY	SUPPTABLE_S1	{"East Asian enriched":5,"European enriched":7,"Similar frequency":5}	COMPLETED_ADDITIONAL		not in claim matrix
