dataset_id	relative_path	expected_sha256	observed_sha256	status	notes
PACKAGE_DOC	00_README_FIRST.md	36fedff09a6dd37b8cfa69baf352abf88a72d4a4a2589f6cf5461e220525d9da	36fedff09a6dd37b8cfa69baf352abf88a72d4a4a2589f6cf5461e220525d9da	MATCH	
PACKAGE_DOC	01_SCOPE_AND_AUTHORIZATION/DATA_SECURITY_AND_AI_RULES.md	6d9f2ee6bbe32a48f6e50f88fd6fd9f674dc6f3e654dbfba37f480fd3edd72a8	6d9f2ee6bbe32a48f6e50f88fd6fd9f674dc6f3e654dbfba37f480fd3edd72a8	MATCH	
PACKAGE_DOC	01_SCOPE_AND_AUTHORIZATION/INTERNAL_PROJECT_SHARING_AUTHORIZED.md	e5fb77967c1472fc1f98378970e101448176f78ead46e904bb0270019264ffca	e5fb77967c1472fc1f98378970e101448176f78ead46e904bb0270019264ffca	MATCH	
PACKAGE_DOC	01_SCOPE_AND_AUTHORIZATION/RESULT_LOCK_PROTOCOL.md	f38058ba5e4c80a4ff0ebb707933f28388542033c51dbad2abe2fd6bb890b81f	f38058ba5e4c80a4ff0ebb707933f28388542033c51dbad2abe2fd6bb890b81f	MATCH	
PACKAGE_DOC	01_SCOPE_AND_AUTHORIZATION/SCOPE_AND_NON_SCOPE.md	f2feaa62e8309b097d3014a275a4ac2f896590e82f54d260fb442fabf8cfe9db	f2feaa62e8309b097d3014a275a4ac2f896590e82f54d260fb442fabf8cfe9db	MATCH	
PACKAGE_DOC	02_ARTIFACT_INVENTORY/ARTIFACT_RECONSTRUCTION_LEVELS.tsv	79c0c90dc656dc5b65e7b53e03afba8346709241f74973de9b43b4e8de5a1dc3	79c0c90dc656dc5b65e7b53e03afba8346709241f74973de9b43b4e8de5a1dc3	MATCH	
PACKAGE_DOC	02_ARTIFACT_INVENTORY/ARTIFACT_TO_DATASET_MAP.tsv	13e117dbc78d15f98e47de4c785f2b0425a6bfacad427db106c9cb9d7fe31369	13e117dbc78d15f98e47de4c785f2b0425a6bfacad427db106c9cb9d7fe31369	MATCH	
PACKAGE_DOC	02_ARTIFACT_INVENTORY/CURRENT_SUBMISSION_ARTIFACT_INVENTORY.tsv	bbfa55b75783e845ef662d1e92368522ede649ab954462fe2905c7b01a7a4664	bbfa55b75783e845ef662d1e92368522ede649ab954462fe2905c7b01a7a4664	MATCH	
PACKAGE_DOC	03_METHOD_CONTRACTS/ARTIFACT_CLAIM_MATRIX_OUTPUTS_WITHHELD.tsv	512849e692fde7fe94de0d600adeb18ee1eb4e3df8cc12cd866138ad19b77c8b	512849e692fde7fe94de0d600adeb18ee1eb4e3df8cc12cd866138ad19b77c8b	MATCH	
PACKAGE_DOC	03_METHOD_CONTRACTS/M01_FIGURE1_MANHATTAN_QQ.md	451010f02bcfa43221ab7fef221a71b4af7d32fd0069ed0f4cf9b4edd72dd54a	451010f02bcfa43221ab7fef221a71b4af7d32fd0069ed0f4cf9b4edd72dd54a	MATCH	
PACKAGE_DOC	03_METHOD_CONTRACTS/M02_TABLE1_TOP_VARIANTS.md	049b956f6390d633ecede5fe8eb354e9b73adb466496c5535e3f793eb402fb61	049b956f6390d633ecede5fe8eb354e9b73adb466496c5535e3f793eb402fb61	MATCH	
PACKAGE_DOC	03_METHOD_CONTRACTS/M03_FIGURE2_POPULATION_FREQUENCY_AND_LD_LOCI.md	a2819935f0ac9d959316db7d906d3018989c82b4b8309b301cc9593ccba32326	a2819935f0ac9d959316db7d906d3018989c82b4b8309b301cc9593ccba32326	MATCH	
PACKAGE_DOC	03_METHOD_CONTRACTS/M04_FIGURE3_CROSS_POPULATION.md	d0ed96499cd7f4c27bfe4b5755e1ba0b83a5eeac2a2f4f4b88d27b0dfa705f2b	d0ed96499cd7f4c27bfe4b5755e1ba0b83a5eeac2a2f4f4b88d27b0dfa705f2b	MATCH	
PACKAGE_DOC	03_METHOD_CONTRACTS/M05_FIGURE4_AND_TABLE2_PGS.md	2e5fa805669e83f7a01df45efe4546f412e0f016c239c146e0226924ebc8c4a8	2e5fa805669e83f7a01df45efe4546f412e0f016c239c146e0226924ebc8c4a8	MATCH	
PACKAGE_DOC	03_METHOD_CONTRACTS/M06_SUPPFIG_S1_ROC.md	580e8240636744d180959a3aac4f3d44cb3a3accedcc9dcf413be72cbd362305	580e8240636744d180959a3aac4f3d44cb3a3accedcc9dcf413be72cbd362305	MATCH	
PACKAGE_DOC	03_METHOD_CONTRACTS/M07_SUPPLEMENTARY_TABLES.md	19a24c735b94412a3018241b855d9a680207acdb168e0002ffa0104fd659bae4	19a24c735b94412a3018241b855d9a680207acdb168e0002ffa0104fd659bae4	MATCH	
PACKAGE_DOC	03_METHOD_CONTRACTS/METRIC_DEFINITIONS.tsv	6fff74d757d33b4998ae372514449c7b947b728bc2b9f0338f0eac1c74b29b9a	6fff74d757d33b4998ae372514449c7b947b728bc2b9f0338f0eac1c74b29b9a	MATCH	
PACKAGE_DOC	04_DATA_PAYLOAD/00_INDEX/ARTIFACT_DEPENDENCY_GRAPH.tsv	18fc50b28eec5a1b3f2487d4153cab9459c23f8e7e9619ca60017b87308dcb30	18fc50b28eec5a1b3f2487d4153cab9459c23f8e7e9619ca60017b87308dcb30	MATCH	
PACKAGE_DOC	04_DATA_PAYLOAD/00_INDEX/DATASET_MASTER_INDEX.tsv	7471feeefe3795b82cb11ec25bebe529b7dba201b45e0b3c3527104f666b222b	7471feeefe3795b82cb11ec25bebe529b7dba201b45e0b3c3527104f666b222b	MATCH	
PACKAGE_DOC	04_DATA_PAYLOAD/00_INDEX/DATA_DICTIONARY.tsv	0b9a50cf0e9567fcc6125a5cece0c51778fc85c27fa7fed2556c314d5cad5412	0b9a50cf0e9567fcc6125a5cece0c51778fc85c27fa7fed2556c314d5cad5412	MATCH	
PACKAGE_DOC	04_DATA_PAYLOAD/00_INDEX/DUPLICATE_FILE_MAP.tsv	31411de72984caaf492da58dc3ba747d453cbb3b459d79ea6f474c1709e63f7e	31411de72984caaf492da58dc3ba747d453cbb3b459d79ea6f474c1709e63f7e	MATCH	
PACKAGE_DOC	04_DATA_PAYLOAD/00_INDEX/SOURCE_LIMITATIONS.tsv	b33fa0ff64807588f243485d24bac21b5b6ae2c33f625c9d6ca621af94e4dc6c	b33fa0ff64807588f243485d24bac21b5b6ae2c33f625c9d6ca621af94e4dc6c	MATCH	
DS_GWAS_CURRENT	04_DATA_PAYLOAD/01_JAPANESE_GWAS_SUMMARY/japanese_gwas_summary_privacy_filtered.tsv.gz	2f24e959dcca94aca864d8b9e736117905af5bc9d1bf918c9135bac4c4746909	2f24e959dcca94aca864d8b9e736117905af5bc9d1bf918c9135bac4c4746909	MATCH	
DS_TABLE1_CHECKPOINT	04_DATA_PAYLOAD/02_TABLE1_MAC_AF_SOURCES/table1_source.tsv	e26ae7b2879c59c3987ba6183b17b41cb856d9a1bba139ad817294c07fd25e4a	e26ae7b2879c59c3987ba6183b17b41cb856d9a1bba139ad817294c07fd25e4a	MATCH	
DS_EAS_LD_PGEN	04_DATA_PAYLOAD/03_LD_LOCI_AND_POPULATION_FREQUENCIES/EAS_REFERENCE/eas_phase3_grch37_v2.pgen	05fa7f5677d822d4cf9f5fc26d5a57086b94db463ab56ec229bb874a27887431	05fa7f5677d822d4cf9f5fc26d5a57086b94db463ab56ec229bb874a27887431	MATCH	
DS_EAS_LD_PSAM	04_DATA_PAYLOAD/03_LD_LOCI_AND_POPULATION_FREQUENCIES/EAS_REFERENCE/eas_phase3_grch37_v2.psam	2efd7ba0ad4f66d14213e4639d18fe79e2ed778dc1cb680e962c74e8f32265ea	2efd7ba0ad4f66d14213e4639d18fe79e2ed778dc1cb680e962c74e8f32265ea	MATCH	
DS_EAS_LD_PVAR	04_DATA_PAYLOAD/03_LD_LOCI_AND_POPULATION_FREQUENCIES/EAS_REFERENCE/eas_phase3_grch37_v2.pvar	cf4198d0a3f7d60170b59d64183c08d9f069af94d6e3ded721dc4d27d0259a37	cf4198d0a3f7d60170b59d64183c08d9f069af94d6e3ded721dc4d27d0259a37	MATCH	
DS_FIG2_FREQUENCY_CHECKPOINT	04_DATA_PAYLOAD/03_LD_LOCI_AND_POPULATION_FREQUENCIES/figure2_source.tsv	8aa77e097bd3f678dae1d4dce812c0d28520e7c6dfdecb7d79807ce993fd1eae	8aa77e097bd3f678dae1d4dce812c0d28520e7c6dfdecb7d79807ce993fd1eae	MATCH	
DS_LD_PRIMARY	04_DATA_PAYLOAD/03_LD_LOCI_AND_POPULATION_FREQUENCIES/ld_locus_definition_primary.tsv	49bed2bf2ffaf98af542cbf63ea0a155e99eefed87364398ef805538cce4317c	49bed2bf2ffaf98af542cbf63ea0a155e99eefed87364398ef805538cce4317c	MATCH	
DS_LD_SENSITIVITY	04_DATA_PAYLOAD/03_LD_LOCI_AND_POPULATION_FREQUENCIES/ld_locus_sensitivity.tsv	f59b54258b3a9e5899a72119e7e00825109c0b0709ef0682b3f00537e1c894dd	f59b54258b3a9e5899a72119e7e00825109c0b0709ef0682b3f00537e1c894dd	MATCH	
DS_CROSSPOP_MERGED_GENOMEWIDE	04_DATA_PAYLOAD/04_CROSS_POPULATION_INPUTS/IQ_EuropeanGWAS_merged_all.tsv	570e0d81af46c0b7aa9771e52c3b38515d69eb9a73877a9cfa12dba4ceac8643	570e0d81af46c0b7aa9771e52c3b38515d69eb9a73877a9cfa12dba4ceac8643	MATCH	
DS_CROSSPOP_PRIMARY	04_DATA_PAYLOAD/04_CROSS_POPULATION_INPUTS/crosspop_primary.tsv	47985847c45b22608f0938fdfc4b04a6018de396c8f588cebf31992f325c0061	47985847c45b22608f0938fdfc4b04a6018de396c8f588cebf31992f325c0061	MATCH	
DS_CROSSPOP_SENSITIVITY	04_DATA_PAYLOAD/04_CROSS_POPULATION_INPUTS/crosspop_sensitivity.tsv	4ab32e33ac03e705e8ab2054db67dd94f78f8e47ec2383a2683e9ddfac91315a	4ab32e33ac03e705e8ab2054db67dd94f78f8e47ec2383a2683e9ddfac91315a	MATCH	
DS_FIG3_PANEL_A	04_DATA_PAYLOAD/04_CROSS_POPULATION_INPUTS/figure3_panel_a_source.tsv	54ee7a42d23e52eb779d31b5514c88ae338ae37cf76f377b37da19f1d523ceb5	54ee7a42d23e52eb779d31b5514c88ae338ae37cf76f377b37da19f1d523ceb5	MATCH	
DS_FIG3_PANEL_B	04_DATA_PAYLOAD/04_CROSS_POPULATION_INPUTS/figure3_panel_b_source.tsv	b2bd63474b5928050f2859e320d72f18ccfa59be6ac4fd00bd72d987ace64854	b2bd63474b5928050f2859e320d72f18ccfa59be6ac4fd00bd72d987ace64854	MATCH	
DS_NOGAWA_WORKBOOK	04_DATA_PAYLOAD/05_PGS_PROVIDER_CHECKPOINTS/Nogawa_analysis_results_20260526.xlsx	ab7f25c1ea204edea6b6078d3ba2c1db824245e6474c143b466609a758d0cb22	ab7f25c1ea204edea6b6078d3ba2c1db824245e6474c143b466609a758d0cb22	MATCH	
DS_PRSICE_THRESHOLD_SCAN	04_DATA_PAYLOAD/05_PGS_PROVIDER_CHECKPOINTS/prsice2_all_thresholds.csv	a06c91b8d938069234735ce68dcff7d2dd1492ae1fa7b3f89fa9a04602258472	a06c91b8d938069234735ce68dcff7d2dd1492ae1fa7b3f89fa9a04602258472	MATCH	
DS_FIG4_DENSITY	04_DATA_PAYLOAD/06_CASE_PGS_AND_CONTROL_AGGREGATES/Figure4_panel_a_density.tsv	2317e5599cfb584f3190a714ef86a80b87baf14dd00813d30e2639b4683e448d	2317e5599cfb584f3190a714ef86a80b87baf14dd00813d30e2639b4683e448d	MATCH	
DS_FIG4_SUMMARY	04_DATA_PAYLOAD/06_CASE_PGS_AND_CONTROL_AGGREGATES/Figure4_panel_a_summary.tsv	0b90651984edcaec7b3e8c68f4eda0a1d575f980058f7f97ab350c72f71b821e	0b90651984edcaec7b3e8c68f4eda0a1d575f980058f7f97ab350c72f71b821e	MATCH	
DS_FIG4_PANEL_B	04_DATA_PAYLOAD/06_CASE_PGS_AND_CONTROL_AGGREGATES/Figure4_panel_b_source.tsv	39121dfeb6509dcb065de853d775eaa82557e9cd34e94853f84f92de722c44a5	39121dfeb6509dcb065de853d775eaa82557e9cd34e94853f84f92de722c44a5	MATCH	
DS_CASE_PGS_CANONICAL	04_DATA_PAYLOAD/06_CASE_PGS_AND_CONTROL_AGGREGATES/IQ_PGS_caseonly.md	31d16427079a6a409c4f886557fb27589a32c3645caa0c4edcad61a59c748a88	31d16427079a6a409c4f886557fb27589a32c3645caa0c4edcad61a59c748a88	MATCH	
DS_FIG4_AGGREGATE_SOURCE	04_DATA_PAYLOAD/06_CASE_PGS_AND_CONTROL_AGGREGATES/figure4_aggregate_source.tsv	4ba29121260e2b7847d1564ca21221af2c233a08f8a353b250778975bdbf502f	4ba29121260e2b7847d1564ca21221af2c233a08f8a353b250778975bdbf502f	MATCH	
DS_TABLE2_CHECKPOINT	04_DATA_PAYLOAD/06_CASE_PGS_AND_CONTROL_AGGREGATES/table2_source.tsv	9b0514bd2b27d053bc030abeeceeb2a6a5d7a1f7b75c345a89b138ad1d1093ed	9b0514bd2b27d053bc030abeeceeb2a6a5d7a1f7b75c345a89b138ad1d1093ed	MATCH	
DS_ROC_PANEL_A_RASTER	04_DATA_PAYLOAD/07_ROC_INPUTS_OR_RASTER_CHECKPOINTS/suppfig_s1_panel_a_canonical.png	6e5e4801a2c4da47fbc0bd5422a9fab9fa4a04f30d5f444cceadf5053a0dc3cc	6e5e4801a2c4da47fbc0bd5422a9fab9fa4a04f30d5f444cceadf5053a0dc3cc	MATCH	
DS_ROC_PANEL_B_RASTER	04_DATA_PAYLOAD/07_ROC_INPUTS_OR_RASTER_CHECKPOINTS/suppfig_s1_panel_b_canonical.png	f80ebabd7d21956783132106c632b97ac9905ebe553c7ba7aec15620a9f0d79f	f80ebabd7d21956783132106c632b97ac9905ebe553c7ba7aec15620a9f0d79f	MATCH	
DS_ROC_AUC_SOURCE	04_DATA_PAYLOAD/07_ROC_INPUTS_OR_RASTER_CHECKPOINTS/suppfig_s1_source.tsv	00f7365bd5b2433f020724c5ef4b817eb5507dcaeab0da250d84f67131868350	00f7365bd5b2433f020724c5ef4b817eb5507dcaeab0da250d84f67131868350	MATCH	
DS_TABLE_S1_CURRENT	04_DATA_PAYLOAD/08_SUPPLEMENTARY_TABLE_SOURCES/table_s1_integrated_variant_annotation.tsv	0e60722b21a9e7481f40b0427aaf1b044dfef19197da0148451ef6e9745734fd	0e60722b21a9e7481f40b0427aaf1b044dfef19197da0148451ef6e9745734fd	MATCH	
PACKAGE_DOC	05_REQUIRED_OUTPUT_SCHEMAS/AI_ASSISTANCE_LOG_TEMPLATE.tsv	fb8934f99cc84eef979db3920fdaaf7e73ffb6dd49f06a30275837a90d0b1b6e	fb8934f99cc84eef979db3920fdaaf7e73ffb6dd49f06a30275837a90d0b1b6e	MATCH	
PACKAGE_DOC	05_REQUIRED_OUTPUT_SCHEMAS/ARTIFACT_FILE_RETURN_TEMPLATE.tsv	a6580637dfdc50a238745215a66a73664f17b24dcfce662a777b39bafa58c6eb	a6580637dfdc50a238745215a66a73664f17b24dcfce662a777b39bafa58c6eb	MATCH	
PACKAGE_DOC	05_REQUIRED_OUTPUT_SCHEMAS/INDEPENDENT_ARTIFACT_RESULTS_TEMPLATE.tsv	93ddcf3ee3c35b6e630332f79e296730902fdaca7216f64b805c27714dc63bc4	93ddcf3ee3c35b6e630332f79e296730902fdaca7216f64b805c27714dc63bc4	MATCH	
PACKAGE_DOC	05_REQUIRED_OUTPUT_SCHEMAS/INPUT_HASH_AUDIT_TEMPLATE.tsv	cb0d8eadc67f5d6f2c2a1e9da1b13caaf8a0f5ca9c071430794be5a3789efaaa	cb0d8eadc67f5d6f2c2a1e9da1b13caaf8a0f5ca9c071430794be5a3789efaaa	MATCH	
PACKAGE_DOC	05_REQUIRED_OUTPUT_SCHEMAS/METHOD_DEVIATION_LOG_TEMPLATE.tsv	ff1a6bd30acec50567ed4e39a80adfef8823d157671d1f3045f06f7f37607a12	ff1a6bd30acec50567ed4e39a80adfef8823d157671d1f3045f06f7f37607a12	MATCH	
PACKAGE_DOC	05_REQUIRED_OUTPUT_SCHEMAS/SOFTWARE_ENVIRONMENT_TEMPLATE.tsv	1bb86831c7c8de444bcc13a3cf3d425309c0a32fc10b715f5b56b53b1d996ab5	1bb86831c7c8de444bcc13a3cf3d425309c0a32fc10b715f5b56b53b1d996ab5	MATCH	
PACKAGE_DOC	05_REQUIRED_OUTPUT_SCHEMAS/VISUAL_SEMANTIC_QA_TEMPLATE.tsv	ed6e2480a7933eae15fb7fa6c411fc491345bad364e36aaf997e80cc0de5331d	ed6e2480a7933eae15fb7fa6c411fc491345bad364e36aaf997e80cc0de5331d	MATCH	
PACKAGE_DOC	06_RETURN_PACKAGE_SPECIFICATION/REQUIRED_RETURN_TREE.md	49c43051abece3926579d3db793dbd86e17c3e9b89143d5e6300a7818f5c9d46	49c43051abece3926579d3db793dbd86e17c3e9b89143d5e6300a7818f5c9d46	MATCH	
PACKAGE_DOC	06_RETURN_PACKAGE_SPECIFICATION/VERIFIER_ATTESTATION_TEMPLATE.md	a69102c8f84ed36913eb2fdac72e48b8201ca2b83657d897772e572fa4ac5fd1	a69102c8f84ed36913eb2fdac72e48b8201ca2b83657d897772e572fa4ac5fd1	MATCH	
PACKAGE_DOC	PACKAGE_A_MANIFEST.tsv	1ae090c47abcd532a041144386299060a326c0acf70560ecd8c67e61b5810c58	1ae090c47abcd532a041144386299060a326c0acf70560ecd8c67e61b5810c58	MATCH	
