artifact_id	step	contract_method	implemented_method	reason	expected_impact	status
FIG1	Manhattan cumulative x axis	Declared constant inter-chromosome gap	Constant gap fixed at 20,000,000 bp, applied uniformly between adjacent autosomes	M01 requires a declared constant but does not fix its value	Horizontal spacing only; no effect on any statistic or on point ordering	DECLARED
FIG1	QQ order statistic	Uniform order-statistic expectation, state convention if it differs from (i-0.5)/m	(i-0.5)/m used, i ascending in P over all m valid P values	Contract default adopted; no deviation	None	NO_DEVIATION
FIG1	Validity filter	Finite positions and 0 < p_value <= 1; preserve qc_status; restore nothing	Filter applied as written; all 362,797 rows are autosomal, finite and valid, qc_status is uniformly PASS_DIRECTLY_GENOTYPED, so 0 rows were excluded	No filtering was necessary on this snapshot	None	NO_DEVIATION
TABLE1	Join key between GWAS snapshot and Table 1 checkpoint	Join exact aggregate frequency/count fields from DS_TABLE1_CHECKPOINT	Join executed on GRCh37 chr:position (the contract's own variant key), not on the display identifier, because DS_GWAS_CURRENT carries Illumina array probe IDs (e.g. GSA-rs146572333) while the checkpoint displays the bare rsID	Display identifiers are not directly comparable between the two sources	None; rsID agreement is reported separately and matched for all 10 rows. The same dual convention is present in DS_LD_PRIMARY as lead_reference_id vs lead_summary_id	DECLARED
TABLE1	Display identifier normalization	Preserve variant_id for display and audit	A single leading 'TOKEN-' is stripped only when the remainder is itself a plain rsID; the unmodified source identifier is retained in column source_variant_id	Required to render the submission's display identifier	Display only	DECLARED
FIG2	Censored reference frequency	Missing values remain unclassified and must be logged	'<0.0001' (1 row, gnomAD_EUR_MAF for rs139129152) treated as a censored bound, not as missing; carried at its stated value and flagged	A below-detection bound is informative for a ratio threshold, unlike a true missing	None; the audit table shows the East Asian enriched call is unchanged if the bound is instead treated as exactly zero	DECLARED
FIG2	Clump membership counting	A clump is the lead plus assigned member variants; do not reinterpret PLINK summary-bin counts as member counts	members_ref_ids lists non-lead members only and uses '.' for none, so the clump size was computed as 1 + len(members) and verified against n_variants_in_clump	Convention confirmed empirically from the checkpoint	None; 17 leads + 9 members = 26 = Supplementary Table S1 row count	NO_DEVIATION
FIG3	Top-K ordering	At K = 100, 500, 1000, 2000 report matching-direction counts and proportions	M04 does not state which P orders the Top-K. Six readings were computed; the returned claim values are taken from DS_FIG3_PANEL_A as M04 designates	Contract ambiguity resolved by evidence rather than assumption	Returned values are unaffected. In the optional rerun the closest reading is clump-by-European-P / rank-by-European-P, which reproduces every K to within one concordant variant (55/56, 279/280, 546/545, 1065/1064)	DECLARED
FIG3	Optional genome-wide rerun - LD engine	EAS-LD clump by European P under the primary and four sensitivity settings	LD clumping implemented independently (no PLINK binary available): r2 is the squared Pearson correlation of ALT dosages in the 504-sample EAS panel, greedy assignment in ascending European P, window applied as a radius, ties broken by chromosome, position then normalized variant key. Only the PGEN format reader (pgenlib) is third-party	No reference clumping implementation was available or consulted	Lead counts agree with the checkpoint to +5 / +2 / -2 / +9 / +7 across the five settings (relative 1.7e-05 to 1.0e-04). Attributable to tie order: the European P values take only 28,990 distinct values across 307,866 variants, so 97.4% of rows sit in tied groups and lead choice within a tie is convention-dependent	DECLARED
FIG3	Optional genome-wide rerun - directional Z	Z = sum(sign*weight)/sqrt(sum(weight^2)), weight = -log10(European P clip 1e-300)	Implemented as written over the independently derived lead set	Difference propagates from the lead set above	Z agrees to 0.029-0.154 absolute (0.97%-4.8% relative) across the five settings; sign, significance and the rank order of settings are unchanged, and every setting exceeds the one-sided alpha=0.05 reference in both the checkpoint and the rerun	DECLARED
FIG3	Non-reference variants	Not specified	347 variants that carry a European P but are absent from the EAS reference panel were excluded from clumping rather than admitted as singleton leads	A variant absent from the LD panel cannot be assessed for r2	Admitting them instead would add 347 leads and move the primary count away from the checkpoint (87,033 vs 86,681), so the exclusion rule is the supported one	DECLARED
FIG4	Input data defect in DS_FIG4_AGGREGATE_SOURCE	Aggregate control/model source	Rows 2-7 (the six fixed-threshold rows) carry 19 tab-separated fields against a 20-field header, so the trailing provenance text is parsed into control_pgs_sd_raw and provenance is empty for those rows	Defect in the supplied file, not introduced by this reconstruction	None on any returned value: control_pgs_mean_raw and control_pgs_sd_raw were read from the optimized row (row 8), which has the full 20 fields and parses correctly. Reported for correction upstream	REPORTED_UPSTREAM
FIG4	Panel A histogram binning range	18 equal-width histogram bins	Bins span the observed case z range [z_min, z_max], not the 600-point KDE grid range	M05 fixes the bin count but not the span; the observed-range reading is the one that reproduces the checkpoint	None; all 18 bin edges, counts and densities reproduce to 4.8e-10, the checkpoint's own stored decimal precision	DECLARED
FIG4	Optimized threshold selection	The optimized row is a secondary analysis	The optimized threshold was re-derived as the scan-wide maximiser of R2 over all 6,000 PRSice2 scan rows rather than taken from the checkpoint label	Independent verification of a checkpoint-supplied value	None; the maximiser is unique and equals the checkpoint threshold 0.00640005	NO_DEVIATION
SUPPFIG_S1	Interior crop	Canonical interior crop x=201:1864, y=108:1264; log any differing crop	The canonical crop was used. Independent detection of the axes frame returns x=199:1867, y=106:1267 (deltas -2/+3 px on each side)	The detector returns the frame including the drawn axis spine; the canonical crop is the interior strictly inside it	None; containment was verified for both panels and the canonical crop was used	DECLARED
SUPPFIG_S1	ROC coordinate registration	Rebuild a two-panel layout with live outer axes	The imshow extent was calibrated from the pixel extent of each checkpoint's own chance diagonal, which spans data (0,0)-(1,1), giving extent (-0.0488, 1.0495, -0.0483, 1.0473) and an implied axis margin of 0.0445	Placing the axes rectangle as if it were the data rectangle would shift every curve inwards by the renderer's axis margin	Registration only. This measures the frame, not the ROC curve; no curve coordinate was traced, fitted or invented. Both panels calibrate identically	DECLARED
SUPPTABLE_S1	Line terminator	Preserve all columns and missing-value representation	The source CRLF terminator was detected and reproduced	So that byte identity is a meaningful check rather than being defeated by a line-ending convention	None; the reconstructed table is byte-identical to the source (SHA-256 equal)	NO_DEVIATION
SUPPTABLE_S1	Scope of the population-category row counts	SUPPTABLE_S1_CATEGORY_COUNTS - 'Population-category row counts' over DS_TABLE_S1_CURRENT;DS_FIG2_FREQUENCY_CHECKPOINT	Counted over all 26 rows (8/12/6) rather than the 17 lead rows (5/7/5)	Three pieces of contract evidence: FIG2_CATEGORY_COUNTS already returns the lead-only map 5/7/5 from the 17-row DS_FIG2_FREQUENCY_CHECKPOINT, so the lead-only reading would duplicate an existing claim; the matrix lists counting scope first and cross-check second throughout; and 8+12+6 = 26 = the sibling SUPPTABLE_S1_ROW_COUNT, whereas lead-only would sum to 17	The alternative breakdown is retained and returned as SUPPTABLE_S1_CATEGORY_COUNTS_LEAD_ROWS_ONLY so the custodian can substitute it without a recomputation	DECLARED
FIG1	Suggestive variant set	M01 gives no instruction on excluding any variant below the suggestive line	All 27 variants with P < 1e-5 in DS_GWAS_CURRENT are plotted	DS_GWAS_CURRENT carries 27 such variants while DS_TABLE_S1_CURRENT retains 26 rows; the one absent from Table S1 is rs376128944, and the Table S1 Notes cell for rs75790544 records it as a replacement lead for the WDHD1 locus after an rs376128944 exclusion. The exclusion is therefore documented in the payload but not instructed by M01, so applying it to the figure would require an instruction the contract does not give	No claim value is affected -- FIG1_VALID_VARIANTS, FIG1_LAMBDA_GC and the two thresholds are unchanged. The rendered Manhattan shows 27 points below the suggestive line where a 26-variant description would show 26	OPEN_FINDING
FIG2	Population-category label casing	M03 writes the labels lower-case: 'East Asian enriched', 'European enriched', 'similar frequency'	The emitted labels use the checkpoint capitalization 'Similar frequency'	DS_FIG2_FREQUENCY_CHECKPOINT and DS_TABLE_S1_CURRENT both capitalize the middle label, so matching them keeps the category-agreement audit and the returned count maps on a single spelling. This alignment to the checkpoint spelling was made during implementation and is recorded here rather than left implicit	None on classification -- every row agrees on category under either spelling. The risk it carries is that grouping on the M03 spelling silently yields an empty middle category rather than an error	DECLARED
SUPPTABLE_S1	Checkpoint currency is not testable in scope	M07: start from DS_TABLE_S1_CURRENT as the current source	Reconstructed from DS_TABLE_S1_CURRENT and verified against DS_LD_PRIMARY and DS_FIG2_FREQUENCY_CHECKPOINT only	The v1.1 payload contains no submitted or published Supplementary Table S1, so whether DS_TABLE_S1_CURRENT is current with respect to the submitted table cannot be determined from the input package. Byte identity here establishes faithful reproduction of the payload checkpoint, not agreement with the submission	Noted as a scope limit. One value a reader may wish to confirm against the submission is EAS_EUR_Fold_Difference for rs146572333, which the payload carries as 38.6	OPEN_FINDING
ALL	Statistical toolchain	Implement reconstruction code independently	Python 3.14 with numpy/scipy/pandas/matplotlib/pgenlib; all analysis logic written from the M01-M07 contract text only	No canonical plotting or analysis implementation was available or consulted	None	DECLARED
