artifact_id	reconstruction_level	relative_output_path	sha256	format	status	notes
FIG1	L1_INDEPENDENT_RECALCULATION_FROM_ANALYSIS_READY_DATA	02_ARTIFACT_FILES/FIG1_manhattan_qq.svg	d1978081091cc135f314b7cbb6c710529bfb5f6572b880f1422d3116c9345f7c	SVG	PRIMARY	
FIG1	L1_INDEPENDENT_RECALCULATION_FROM_ANALYSIS_READY_DATA	02_ARTIFACT_FILES/FIG1_manhattan_qq_preview.png	1e22095790a124f6da802d396567e0a528d3d68f3eb055c257c421e709bcb844	PNG	PREVIEW	PNG preview of the SVG primary
FIG2	L2_RECONSTRUCTION_FROM_PROVIDER_OUTPUT_CHECKPOINT	02_ARTIFACT_FILES/FIG2_population_frequency.svg	4bba02624da07f38ad7366ffb3d091eeceb2a2f1625e79f13530e1d09a68bb8d	SVG	PRIMARY	
FIG2	L2_RECONSTRUCTION_FROM_PROVIDER_OUTPUT_CHECKPOINT	02_ARTIFACT_FILES/FIG2_population_frequency_preview.png	30b39c573a9c839329671dfbe29cc96c32cac7b543bc09cbb9eb05d4c4254eca	PNG	PREVIEW	PNG preview of the SVG primary
FIG3	L2_RECONSTRUCTION_FROM_PROVIDER_OUTPUT_CHECKPOINT	02_ARTIFACT_FILES/FIG3_cross_population.svg	0ffec3b44ab6e95c97e424cc9ec9a930e27190fd4f1dcba6a1babbc4a6c72407	SVG	PRIMARY	
FIG3	L2_RECONSTRUCTION_FROM_PROVIDER_OUTPUT_CHECKPOINT	02_ARTIFACT_FILES/FIG3_cross_population_preview.png	1327885fe862cb1a32f9830cb5162ca205113d7a8e6bf837dc0b0b8203986ad9	PNG	PREVIEW	PNG preview of the SVG primary
FIG4	L2_RECONSTRUCTION_FROM_PROVIDER_OUTPUT_CHECKPOINT	02_ARTIFACT_FILES/FIG4_pgs.svg	f4bbd95167f63e37e157abac634d8316f8bda553081d133fde9465e87c222d5b	SVG	PRIMARY	
FIG4	L2_RECONSTRUCTION_FROM_PROVIDER_OUTPUT_CHECKPOINT	02_ARTIFACT_FILES/FIG4_pgs_preview.png	3029b8e609b90909c880c5acbdddd10d3d7483825f2e162a8a64e245906015ee	PNG	PREVIEW	PNG preview of the SVG primary
SUPPFIG_S1	L3_VISUAL_REASSEMBLY_FROM_CANONICAL_AGGREGATE_OR_RASTER	02_ARTIFACT_FILES/SUPPFIG_S1_roc_reassembly.svg	85756c765627eafb934ddf150d6840d1e53b62e579b89af10f41951e1a235ac2	SVG	PRIMARY	
SUPPFIG_S1	L3_VISUAL_REASSEMBLY_FROM_CANONICAL_AGGREGATE_OR_RASTER	02_ARTIFACT_FILES/SUPPFIG_S1_roc_reassembly_preview.png	4ddefc0de3c9f1bd75dce1d8853b9b1be60450473072395011499fecdb2236a0	PNG	PREVIEW	PNG preview of the SVG primary
